Jessica,The Princess Diaries,5
Jessica,Oceans Eleven,2
Jessica,The Lion King,4
Jessica,Braveheart,3
Jessica,Independence Day,2
Jessica,Dumb and Dumber,3
Marta,The Princess Diaries,4
Marta,Oceans Eleven,3
Marta,The Lion King,5
Marta,Braveheart,4
Marta,Independence Day,3
Marta,Dumb and Dumber,2
Jose,The Princess Diaries,1
Jose,Oceans Eleven,5
Jose,The Lion King,3
Jose,Braveheart,4
Jose,Independence Day,4
Jose,Dumb and Dumber,5
Dave,The Princess Diaries,1
Dave,The Lion King,2
Dave,Braveheart,3
Dave,Independence Day,4
Dave,Dumb and Dumber,2
